<?xml version="1.0" encoding="utf-8"?>
<!--
/**
 * @copyright	Copyright (c) 2013 Skyline Software (http://extstore.com). All rights reserved.
 * @license		GNU General Public License version 2 or later; see LICENSE.txt
 */
-->
<extension type="plugin" version="1.7" group="system" method="upgrade">
	<name>plg_system_sl_scrolltotop</name>
	<author>Pham Minh Tuan</author>
	<creationDate>January 2012</creationDate>
	<copyright>Copyright (c) 2013 Skyline. All rights reserved.</copyright>
	<license>GNU General Public License version 2 or later; see LICENSE.txt</license>
	<authorEmail>admin@extstore.com</authorEmail>
	<authorUrl>http://extstore.com</authorUrl>
	<version>2.0.0</version>
	<description>
	<![CDATA[
		Skyline Scroll To Top Plugin For Joomla 1.7+<br /><br />Developed by Skyline Software (<a target="_blank" href="http://extstore.com">http://extstore.com</a>).
	]]>
	</description>

	<files>
		<filename plugin="sl_scrolltotop">sl_scrolltotop.php</filename>
		<filename>index.html</filename>
	</files>

	<media folder="media" destination="plg_system_sl_scrolltotop">
		<folder>js</folder>
		<filename>index.html</filename>
	</media>

	<languages>
		<language tag="en-GB">en-GB.plg_system_sl_scrolltotop.ini</language>
		<language tag="en-GB">en-GB.plg_system_sl_scrolltotop.sys.ini</language>
	</languages>

	<config>
		<fields name="params">
			<fieldset name="basic">
				<field
					name="admin_enable"
					type="radio"
					default="1"
					label="PLG_SL_SCROLLTOTOP_FIELD_ADMIN_ENABLE_LABEL"
					description="PLG_SL_SCROLLTOTOP_FIELD_ADMIN_ENABLE_DESC"
					class="btn-group"
				>
					<option value="1">JYES</option>
					<option value="0">JNO</option>
				</field>

				<field
					name="engine"
					type="radio"
					class="btn-group"
					default="mootools"
					label="PLG_SL_SCROLLTOTOP_FIELD_ENGINE_LABEL"
					description="PLG_SL_SCROLLTOTOP_FIELD_ENGINE_DESC"
				>
					<option value="mootools">PLG_SL_SCROLLTOTOP_FIELD_ENGINE_MOOTOOLS</option>
					<option value="jquery">PLG_SL_SCROLLTOTOP_FIELD_ENGINE_JQUERY</option>
				</field>

				<field
					name="image"
					type="media"
					label="PLG_SL_SCROLLTOTOP_FIELD_IMAGE_LABEL"
					description="PLG_SL_SCROLLTOTOP_FIELD_IMAGE_DESC"
				/>

				<field
					name="text"
					type="text"
					default=""
					label="PLG_SL_SCROLLTOTOP_FIELD_TEXT_LABEL"
					description="PLG_SL_SCROLLTOTOP_FIELD_TEXT_DESC"
				/>

				<field
					name="title"
					type="text"
					default=""
					label="PLG_SL_SCROLLTOTOP_FIELD_TITLE_LABEL"
					description="PLG_SL_SCROLLTOTOP_FIELD_TITLE_DESC"
				/>

				<field
					name="background_color"
					type="color"
					default="#121212"
					label="PLG_SL_SCROLLTOTOP_FIELD_BACKGROUND_COLOR_LABEL"
					description="PLG_SL_SCROLLTOTOP_FIELD_BACKGROUND_COLOR_DESC"
				/>

				<field
					name="color"
					type="color"
					default="#FFFFFF"
					label="PLG_SL_SCROLLTOTOP_FIELD_COLOR_LABEL"
					description="PLG_SL_SCROLLTOTOP_FIELD_COLOR_DESC"
				/>

				<field
					name="hover_background_color"
					type="color"
					default="#08C"
					label="PLG_SL_SCROLLTOTOP_FIELD_HOVER_BACKGROUND_COLOR_LABEL"
					description="PLG_SL_SCROLLTOTOP_FIELD_HOVER_BACKGROUND_COLOR_DESC"
				/>

				<field
					name="hover_color"
					type="color"
					default="#FFFFFF"
					label="PLG_SL_SCROLLTOTOP_FIELD_HOVER_COLOR_LABEL"
					description="PLG_SL_SCROLLTOTOP_FIELD_HOVER_COLOR_DESC"
				/>

				<field
					name="position"
					type="list"
					default="bottom_right"
					label="PLG_SL_SCROLLTOTOP_FIELD_POSITION_LABEL"
					description="PLG_SL_SCROLLTOTOP_FIELD_POSITION_DESC"
				>
					<option value="top_left">PLG_SL_SCROLLTOTOP_FIELD_POSITION_TOP_LEFT</option>
					<option value="top_right">PLG_SL_SCROLLTOTOP_FIELD_POSITION_TOP_RIGHT</option>
					<option value="bottom_left">PLG_SL_SCROLLTOTOP_FIELD_POSITION_BOTTOM_LEFT</option>
					<option value="bottom_right">PLG_SL_SCROLLTOTOP_FIELD_POSITION_BOTTOM_RIGHT</option>
				</field>

				<field
					name="border_radius"
					type="text"
					default="3"
					label="PLG_SL_SCROLLTOTOP_FIELD_BORDER_RADIUS_LABEL"
					description="PLG_SL_SCROLLTOTOP_FIELD_BORDER_RADIUS_DESC"
				/>

				<field
					name="offset_x"
					type="text"
					default="20"
					label="PLG_SL_SCROLLTOTOP_FIELD_OFFSET_X_LABEL"
					description="PLG_SL_SCROLLTOTOP_FIELD_OFFSET_X_DESC"
				/>

				<field
					name="offset_y"
					type="text"
					default="20"
					label="PLG_SL_SCROLLTOTOP_FIELD_OFFSET_Y_LABEL"
					description="PLG_SL_SCROLLTOTOP_FIELD_OFFSET_Y_DESC"
				/>

				<field
					name="padding_x"
					type="text"
					default="12"
					label="PLG_SL_SCROLLTOTOP_FIELD_PADDING_X_LABEL"
					description="PLG_SL_SCROLLTOTOP_FIELD_PADDING_X_DESC"
				/>

				<field
					name="padding_y"
					type="text"
					default="12"
					label="PLG_SL_SCROLLTOTOP_FIELD_PADDING_Y_LABEL"
					description="PLG_SL_SCROLLTOTOP_FIELD_PADDING_Y_DESC"
				/>

			</fieldset>

			<fieldset name="advanced">
				<field
					name="duration"
					type="text"
					default="500"
					label="PLG_SL_SCROLLTOTOP_FIELD_DURATION_LABEL"
					description="PLG_SL_SCROLLTOTOP_FIELD_DURATION_DESC"
				/>

				<field
					name="transition"
					type="list"
					default="Fx.Transitions.linear"
					label="PLG_SL_SCROLLTOTOP_FIELD_TRANSITION_LABEL"
					description="PLG_SL_SCROLLTOTOP_FIELD_TRANSITION_DESC"
				>
					<option value="Fx.Transitions.linear">Fx.Transitions.linear</option>
					<option value="Fx.Transitions.Quad.easeIn">Fx.Transitions.Quad.easeIn</option>
					<option value="Fx.Transitions.Quad.easeOut">Fx.Transitions.Quad.easeOut</option>
					<option value="Fx.Transitions.Quad.easeInOut">Fx.Transitions.Quad.easeInOut</option>
					<option value="Fx.Transitions.Cubic.easeIn">Fx.Transitions.Cubic.easeIn</option>
					<option value="Fx.Transitions.Cubic.easeOut">Fx.Transitions.Cubic.easeOut</option>
					<option value="Fx.Transitions.Cubic.easeInOut">Fx.Transitions.Cubic.easeInOut</option>
					<option value="Fx.Transitions.Quart.easeIn">Fx.Transitions.Quart.easeIn</option>
					<option value="Fx.Transitions.Quart.easeOut">Fx.Transitions.Quart.easeOut</option>
					<option value="Fx.Transitions.Quart.easeInOut">Fx.Transitions.Quart.easeInOut</option>
					<option value="Fx.Transitions.Quint.easeIn">Fx.Transitions.Quint.easeIn</option>
					<option value="Fx.Transitions.Quint.easeOut">Fx.Transitions.Quint.easeOut</option>
					<option value="Fx.Transitions.Quint.easeInOut">Fx.Transitions.Quint.easeInOut</option>
					<option value="Fx.Transitions.Sine.easeIn">Fx.Transitions.Sine.easeIn</option>
					<option value="Fx.Transitions.Sine.easeOut">Fx.Transitions.Sine.easeOut</option>
					<option value="Fx.Transitions.Sine.easeInOut">Fx.Transitions.Sine.easeInOut</option>
					<option value="Fx.Transitions.Expo.easeIn">Fx.Transitions.Expo.easeIn</option>
					<option value="Fx.Transitions.Expo.easeOut">Fx.Transitions.Expo.easeOut</option>
					<option value="Fx.Transitions.Expo.easeInOut">Fx.Transitions.Expo.easeInOut</option>
					<option value="Fx.Transitions.Circ.easeIn">Fx.Transitions.Circ.easeIn</option>
					<option value="Fx.Transitions.Circ.easeOut">Fx.Transitions.Circ.easeOut</option>
					<option value="Fx.Transitions.Circ.easeInOut">Fx.Transitions.Circ.easeInOut</option>
					<option value="Fx.Transitions.Bounce.easeIn">Fx.Transitions.Bounce.easeIn</option>
					<option value="Fx.Transitions.Bounce.easeOut">Fx.Transitions.Bounce.easeOut</option>
					<option value="Fx.Transitions.Bounce.easeInOut">Fx.Transitions.Bounce.easeInOut</option>
					<option value="Fx.Transitions.Back.easeIn">Fx.Transitions.Back.easeIn</option>
					<option value="Fx.Transitions.Back.easeOut">Fx.Transitions.Back.easeOut</option>
					<option value="Fx.Transitions.Back.easeInOut">Fx.Transitions.Back.easeInOut</option>
					<option value="Fx.Transitions.Elastic.easeIn">Fx.Transitions.Elastic.easeIn</option>
					<option value="Fx.Transitions.Elastic.easeOut">Fx.Transitions.Elastic.easeOut</option>
					<option value="Fx.Transitions.Elastic.easeInOut">Fx.Transitions.Elastic.easeInOut</option>
				</field>

				<field
					name="custom_css"
					type="textarea"
					cols="35"
					rows="10"
					default=""
					label="PLG_SL_SCROLLTOTOP_FIELD_CUSTOM_CSS_LABEL"
					description="PLG_SL_SCROLLTOTOP_FIELD_CUSTOM_CSS_DESC"
				/>
			</fieldset>
		</fields>
	</config>
</extension>