<?xml version="1.0" encoding="utf-8"?>
<extension type="module" version="3.1.0" client="site" method="upgrade">
    <name>Js Contactinfo</name>
	<creationDate>September 2014</creationDate>
    <author>Joomlastars</author>
	<authorEmail>stars.joomla@gmail.org</authorEmail>
	<copyright>copyright (C) 2014 by Joomlastars - All rights reserved!</copyright>
    <version>1.0.0</version>
    <description>A simple Conatct Information Module</description>
    <files>
        <filename>mod_jscontactinfo.xml</filename>
        <filename module="mod_jscontactinfo">mod_jscontactinfo.php</filename>
        <filename>index.html</filename>
        <filename>helper.php</filename>
        <filename>tmpl/default.php</filename>
        <filename>tmpl/index.html</filename>
    </files>
    <config>
		<fields name="params">
			<fieldset name="advanced">
				<field
					name="moduleclass_sfx"
					type="text"
					label="COM_MODULES_FIELD_MODULECLASS_SFX_LABEL"
					description="COM_MODULES_FIELD_MODULECLASS_SFX_DESC" />
			</fieldset>
		</fields>
    </config>
</extension>