<?xml version="1.0" encoding="utf-8"?>
<extension type="module" version="1.0" client="site" method="upgrade">
	<name>JS-NavigationMenu</name>
	<creationDate>September 2014</creationDate>	
	<license>http://www.gnu.org/licenses GNU/GPL</license>
	<author>Joomlastars</author>
	<authorEmail>stars.joomla@gmail.org</authorEmail>
	<copyright>Copyright (C) 2014 by Joomlastars , All rights reserved.</copyright>
	<version>1.0 stable</version>
	<description>MOD_JSMENU_MODULE_DESC</description>
	<files>
		<filename module="mod_jsnavigationmenu">mod_jsnavigationmenu.php</filename>
		<filename>mod_jsnavigationmenu.xml</filename>
		<filename>index.html</filename>
		<filename>helper.php</filename>
		<folder>tmpl</folder>
		<folder>language</folder>
	</files>
	<config>
		<fields name="params">
		
			<fieldset name="basic">
				<field name="menu" type="menu" default="mainmenu" label="MOD_JSMENU_MENU_NAME" description="MOD_JSMENU_MENU_NAME_DESC" />
				<field name="endLevel" type="list" default="0" label="MOD_JSMENU_END_LEVEL" description="MOD_JSMENU_END_LEVEL_DESC">
					<option value="0">JALL</option>
					<option value="1">J1</option>
					<option value="2">J2</option>
					<option value="3">J3</option>
					<option value="4">J4</option>
					<option value="5">J5</option>
					<option value="6">J6</option>
					<option value="7">J7</option>
					<option value="8">J8</option>
					<option value="9">J9</option>
					<option value="10">J10</option>					
				</field>
				
				
             
				
				
				
			</fieldset>
			
			
			<fieldset name="OTHER">
				
				<field
					name="moduleclass_sfx"
					type="text"
					label="COM_MODULES_FIELD_MODULECLASS_SFX_LABEL"
					description="COM_MODULES_FIELD_MODULECLASS_SFX_DESC" />
				<field
					name="cache"
					type="list"
					default="1"
					label="COM_MODULES_FIELD_CACHING_LABEL"
					description="COM_MODULES_FIELD_CACHING_DESC">
					<option
						value="1">JGLOBAL_USE_GLOBAL</option>
					<option
						value="0">COM_MODULES_FIELD_VALUE_NOCACHING</option>
				</field>
				<field
					name="cache_time"
					type="text"
					default="900"
					label="COM_MODULES_FIELD_CACHE_TIME_LABEL"
					description="COM_MODULES_FIELD_CACHE_TIME_DESC" />
					
			</fieldset>
		</fields>
	</config>
</extension>